{"cameraMode":{"drawMode":0,"name":"Shaded","section":"Shading Mode"},"sceneLighting":false,"audioPlay":false,"sceneViewState":{"showFog":true,"showMaterialUpdate":false,"showSkybox":true,"showFlares":true,"showImageEffects":true,"showParticleSystems":true},"in2DMode":false,"pivot":{"x":-0.08621150255203247,"y":8.226938247680664,"z":-0.43781039118766787},"rotation":{"x":0.14913436770439149,"y":-0.05179433897137642,"z":0.007823009975254536,"w":0.9874285459518433},"size":61.87955856323242,"orthographic":false}