{"cameraMode":{"drawMode":0,"name":"Shaded","section":"Shading Mode"},"sceneLighting":true,"audioPlay":false,"sceneViewState":{"showFog":true,"showMaterialUpdate":false,"showSkybox":true,"showFlares":true,"showImageEffects":true,"showParticleSystems":true},"in2DMode":false,"pivot":{"x":65.22547912597656,"y":38.676998138427737,"z":132.0616912841797},"rotation":{"x":-0.05594192072749138,"y":-0.942293643951416,"z":0.2612033188343048,"w":-0.2018069475889206},"size":70.8672866821289,"orthographic":false}