{"cameraMode":{"drawMode":0,"name":"Shaded","section":"Shading Mode"},"sceneLighting":false,"audioPlay":false,"sceneViewState":{"showFog":true,"showMaterialUpdate":false,"showSkybox":true,"showFlares":true,"showImageEffects":true,"showParticleSystems":true},"in2DMode":false,"pivot":{"x":-0.0000057220458984375,"y":0.0,"z":0.0000057220458984375},"rotation":{"x":0.13799336552619935,"y":-0.8609017729759216,"z":0.3219858407974243,"w":0.36895960569381716},"size":74.67044067382813,"orthographic":false}